{
  "timestamp": "2025-10-25 01:57:58",
  "nodes": 156880,
  "edges": 2439632,
  "build_time_seconds": 25.18252396583557,
  "memory_mb": 1782.703125
}